<?xml version="1.0" encoding="UTF-8"?>
<GenRun Id="impl_1" LaunchPart="xc7a15tlcsg324-2L" LaunchTime="1647881773">
  <File Type="ROUTE-PWR-RPX" Name="decoder1_power_routed.rpx"/>
  <File Type="PA-TCL" Name="decoder1.tcl"/>
  <File Type="INIT-TIMING" Name="decoder1_timing_summary_init.rpt"/>
  <File Type="OPT-METHODOLOGY-DRC" Name="decoder1_methodology_drc_opted.rpt"/>
  <File Type="PWROPT-DRC" Name="decoder1_drc_pwropted.rpt"/>
  <File Type="RDI-RDI" Name="decoder1.vdi"/>
  <File Type="OPT-DCP" Name="decoder1_opt.dcp"/>
  <File Type="OPT-HWDEF" Name="decoder1.hwdef"/>
  <File Type="OPT-DRC" Name="decoder1_drc_opted.rpt"/>
  <File Type="OPT-TIMING" Name="decoder1_timing_summary_opted.rpt"/>
  <File Type="PWROPT-DCP" Name="decoder1_pwropt.dcp"/>
  <File Type="PWROPT-TIMING" Name="decoder1_timing_summary_pwropted.rpt"/>
  <File Type="PLACE-DCP" Name="decoder1_placed.dcp"/>
  <File Type="PLACE-IO" Name="decoder1_io_placed.rpt"/>
  <File Type="PLACE-CLK" Name="decoder1_clock_utilization_placed.rpt"/>
  <File Type="PLACE-UTIL" Name="decoder1_utilization_placed.rpt"/>
  <File Type="PLACE-UTIL-PB" Name="decoder1_utilization_placed.pb"/>
  <File Type="PLACE-CTRL" Name="decoder1_control_sets_placed.rpt"/>
  <File Type="PLACE-SIMILARITY" Name="decoder1_incremental_reuse_placed.rpt"/>
  <File Type="PLACE-PRE-SIMILARITY" Name="decoder1_incremental_reuse_pre_placed.rpt"/>
  <File Type="PLACE-TIMING" Name="decoder1_timing_summary_placed.rpt"/>
  <File Type="POSTPLACE-PWROPT-DCP" Name="decoder1_postplace_pwropt.dcp"/>
  <File Type="POSTPLACE-PWROPT-TIMING" Name="decoder1_timing_summary_postplace_pwropted.rpt"/>
  <File Type="PHYSOPT-DCP" Name="decoder1_physopt.dcp"/>
  <File Type="PHYSOPT-DRC" Name="decoder1_drc_physopted.rpt"/>
  <File Type="PHYSOPT-TIMING" Name="decoder1_timing_summary_physopted.rpt"/>
  <File Type="ROUTE-ERROR-DCP" Name="decoder1_routed_error.dcp"/>
  <File Type="ROUTE-DCP" Name="decoder1_routed.dcp"/>
  <File Type="ROUTE-BLACKBOX-DCP" Name="decoder1_routed_bb.dcp"/>
  <File Type="ROUTE-DRC" Name="decoder1_drc_routed.rpt"/>
  <File Type="ROUTE-DRC-PB" Name="decoder1_drc_routed.pb"/>
  <File Type="ROUTE-DRC-RPX" Name="decoder1_drc_routed.rpx"/>
  <File Type="BG-BIN" Name="decoder1.bin"/>
  <File Type="ROUTE-METHODOLOGY-DRC" Name="decoder1_methodology_drc_routed.rpt"/>
  <File Type="BG-DRC" Name="decoder1.drc"/>
  <File Type="ROUTE-METHODOLOGY-DRC-RPX" Name="decoder1_methodology_drc_routed.rpx"/>
  <File Type="BITSTR-MSK" Name="decoder1.msk"/>
  <File Type="ROUTE-METHODOLOGY-DRC-PB" Name="decoder1_methodology_drc_routed.pb"/>
  <File Type="BG-BGN" Name="decoder1.bgn"/>
  <File Type="ROUTE-PWR" Name="decoder1_power_routed.rpt"/>
  <File Type="ROUTE-PWR-SUM" Name="decoder1_power_summary_routed.pb"/>
  <File Type="ROUTE-STATUS" Name="decoder1_route_status.rpt"/>
  <File Type="ROUTE-STATUS-PB" Name="decoder1_route_status.pb"/>
  <File Type="ROUTE-TIMINGSUMMARY" Name="decoder1_timing_summary_routed.rpt"/>
  <File Type="ROUTE-TIMING-PB" Name="decoder1_timing_summary_routed.pb"/>
  <File Type="ROUTE-TIMING-RPX" Name="decoder1_timing_summary_routed.rpx"/>
  <File Type="ROUTE-SIMILARITY" Name="decoder1_incremental_reuse_routed.rpt"/>
  <File Type="ROUTE-CLK" Name="decoder1_clock_utilization_routed.rpt"/>
  <File Type="POSTROUTE-PHYSOPT-DCP" Name="decoder1_postroute_physopt.dcp"/>
  <File Type="POSTROUTE-PHYSOPT-BLACKBOX-DCP" Name="decoder1_postroute_physopt_bb.dcp"/>
  <File Type="POSTROUTE-PHYSOPT-TIMING" Name="decoder1_timing_summary_postroute_physopted.rpt"/>
  <File Type="POSTROUTE-PHYSOPT-TIMING-PB" Name="decoder1_timing_summary_postroute_physopted.pb"/>
  <File Type="POSTROUTE-PHYSOPT-TIMING-RPX" Name="decoder1_timing_summary_postroute_physopted.rpx"/>
  <File Type="BG-BIT" Name="decoder1.bit"/>
  <File Type="BITSTR-RBT" Name="decoder1.rbt"/>
  <File Type="BITSTR-NKY" Name="decoder1.nky"/>
  <File Type="BITSTR-BMM" Name="decoder1_bd.bmm"/>
  <File Type="BITSTR-MMI" Name="decoder1.mmi"/>
  <File Type="BITSTR-SYSDEF" Name="decoder1.sysdef"/>
  <File Type="WBT-USG" Name="usage_statistics_webtalk.html"/>
  <FileSet Name="sources" Type="DesignSrcs" RelSrcDir="$PSRCDIR/sources_1">
    <Filter Type="Srcs"/>
    <File Path="$PSRCDIR/sources_1/new/decoder1.v">
      <FileInfo>
        <Attr Name="UsedIn" Val="synthesis"/>
        <Attr Name="UsedIn" Val="implementation"/>
        <Attr Name="UsedIn" Val="simulation"/>
      </FileInfo>
    </File>
    <File Path="$PSRCDIR/sources_1/new/fulladder3.v">
      <FileInfo>
        <Attr Name="AutoDisabled" Val="1"/>
        <Attr Name="UsedIn" Val="synthesis"/>
        <Attr Name="UsedIn" Val="implementation"/>
        <Attr Name="UsedIn" Val="simulation"/>
      </FileInfo>
    </File>
    <File Path="$PSRCDIR/sources_1/new/fulladder2.v">
      <FileInfo>
        <Attr Name="AutoDisabled" Val="1"/>
        <Attr Name="UsedIn" Val="synthesis"/>
        <Attr Name="UsedIn" Val="implementation"/>
        <Attr Name="UsedIn" Val="simulation"/>
      </FileInfo>
    </File>
    <File Path="$PSRCDIR/sources_1/new/fulladder1.v">
      <FileInfo>
        <Attr Name="AutoDisabled" Val="1"/>
        <Attr Name="UsedIn" Val="synthesis"/>
        <Attr Name="UsedIn" Val="implementation"/>
        <Attr Name="UsedIn" Val="simulation"/>
      </FileInfo>
    </File>
    <File Path="$PSRCDIR/sources_1/new/logic_gates.v">
      <FileInfo>
        <Attr Name="AutoDisabled" Val="1"/>
        <Attr Name="UsedIn" Val="synthesis"/>
        <Attr Name="UsedIn" Val="implementation"/>
        <Attr Name="UsedIn" Val="simulation"/>
      </FileInfo>
    </File>
    <Config>
      <Option Name="DesignMode" Val="RTL"/>
      <Option Name="TopModule" Val="decoder1"/>
    </Config>
  </FileSet>
  <FileSet Name="constrs_in" Type="Constrs" RelSrcDir="$PSRCDIR/constrs_1">
    <Filter Type="Constrs"/>
    <Config>
      <Option Name="ConstrsType" Val="XDC"/>
    </Config>
  </FileSet>
  <Strategy Version="1" Minor="2">
    <StratHandle Name="Vivado Implementation Defaults" Flow="Vivado Implementation 2016"/>
    <Step Id="init_design"/>
    <Step Id="opt_design"/>
    <Step Id="power_opt_design"/>
    <Step Id="place_design"/>
    <Step Id="post_place_power_opt_design"/>
    <Step Id="phys_opt_design"/>
    <Step Id="route_design"/>
    <Step Id="post_route_phys_opt_design"/>
    <Step Id="write_bitstream"/>
  </Strategy>
</GenRun>
